company_name,domain
CloudTech Solutions,cloudtechsolutions.com
DataFlow Analytics,dataflowanalytics.com
HealthTech Innovations,healthtechinnovations.com
FinTech Dynamics,fintechdynamics.com
SaaSify Platform,saasifyplatform.com
AI Vision Systems,aivisionsystems.com
MedTech Innovations,medtechinnovations.com
CyberGuard Security,cyberguardsecurity.com
GreenTech Solutions,greentechsolutions.com
RetailMax Platform,retailmaxplatform.com
FinPay Technologies,finpaytech.com
CloudNative Inc,cloudnative.com
BioTech Innovations,biotechinnovations.com
SmartCity Solutions,smartcitysolutions.com
EduTech Academy,edutechacademy.com
LogiFlow Systems,logiflowsystems.com
DataVault Security,datavaultsecurity.com
HealthCloud Platform,healthcloudplatform.com
AutoTech Solutions,autotechsolutions.com
RealEstateTech,realestatetech.com

